gene,variant,genotype,chromosome,position
APOE,rs429358,CT,19,45411941
APOE,rs7412,CC,19,45412079
MTHFR,rs1801133,CT,1,11796321
MTHFR,rs1801131,AA,1,11794419
CYP1A2,rs762551,AC,15,74749576
ACTN3,rs1815739,CT,11,66560624
MCT1,rs1049434,TT,1,113291595
ACE,rs4340,ID,17,61565883
VDR,rs2228570,CT,12,47879112
FTO,rs9939609,TA,16,53820527
COMT,rs4680,GA,22,19963748
5HTTLPR,rs25531,LG,17,28562856
BDNF,rs6265,CT,11,27679916
DRD2,rs1800497,CT,11,113270828
ALDH2,rs671,GG,12,111803962
TNF,rs1800629,GA,6,31540313
IL6,rs1800795,GC,7,22766645
CRP,rs1205,CT,1,159678816
SOD2,rs4880,CT,6,160113872
GPX1,rs1050450,CT,3,49395006
GSTM1,rs366631,DD,1,110230414
GSTP1,rs1695,AG,11,67351138
UGT1A1,rs8175347,TA6/TA7,2,234669144
CYP2D6,rs3892097,CG,22,42542949
SLCO1B1,rs4149056,TC,12,21331549
VKORC1,rs9923231,GA,16,31107689
COL1A1,rs1800012,GT,17,48264622
COL5A1,rs12722,CT,9,137578716
AMPD1,rs17602729,CT,1,115086854
PPARA,rs4253778,GG,22,46627013
PPARG,rs1801282,CG,3,12351626
ADRB2,rs1042713,AG,5,148826910
ADRB3,rs4994,GA,8,37831906
LEP,rs7799039,GA,7,128241278
LEPR,rs1137101,AG,1,65874932
UCP2,rs659366,CT,11,73976847
UCP3,rs1800849,CT,11,73958683
NOS3,rs1799983,GT,7,150993303
VEGFA,rs2010963,CG,6,43770613
EPOR,rs1617640,TG,19,11485644